3JOH22A:23,03,2020, 23, 08, 46
,date,
0,Fri Mar 27 20:04:54 2020,3JOH22A
,date,
0,Fri Mar 27 20:05:40 2020,
,date,
0,Fri Mar 27 20:06:13 2020,
,date,
0,Fri Mar 27 20:06:48 2020,BG#224-NZ
,date,
0,Fri Mar 27 20:20:56 2020,3JOH22A
,date,
0,Fri Mar 27 20:23:57 2020,3JOH22A
,date,
0,Fri Mar 27 20:26:05 2020,3JOH22A
,date,
0,Tue Apr  7 19:35:39 2020,3JOH22A
,date,
0,Tue Apr  7 19:43:28 2020,3JOH22A
,date,
0,Tue Apr  7 19:44:21 2020,
,date,
0,Tue Apr  7 19:46:10 2020,3JOH22A
,date,
0,Tue Apr  7 19:51:54 2020,
,date,
0,Tue Apr  7 19:54:11 2020,
,date,
0,Tue Apr  7 19:54:41 2020,
,date,
0,Tue Apr  7 19:55:03 2020,3JOH22A
,date,
0,Tue Apr  7 20:06:55 2020,3JOH22A
